{
    "name": "qarv_base",
    "lambdas": [
        16.000001907348633,
        32.720916748046875,
        58.27978515625,
        94.55180358886719,
        143.4120635986328,
        206.7357940673828,
        286.398193359375,
        384.2743835449219,
        502.23944091796875,
        642.1686401367188,
        805.93701171875,
        995.4202270507812,
        1212.49267578125,
        1459.0299072265625,
        1736.9075927734375,
        2048.0
    ],
    "test-set": "clic2022-test",
    "results": {
        "bpp": [
            0.1797154252038306,
            0.2692172172840534,
            0.3674998784992491,
            0.4783812283732741,
            0.5993474042242306,
            0.7213983834052514,
            0.8438150449483205,
            0.9676145985292811,
            1.0950711793167605,
            1.2250265138453522,
            1.3547519310203016,
            1.5058012014148112,
            1.634979318534015,
            1.763613732274457,
            1.8876459494747524,
            2.009664780538222
        ],
        "mse": [
            0.0008316372448462061,
            0.0005444857937012179,
            0.00038638957533597326,
            0.0002855083289129349,
            0.00021666706816176885,
            0.00017041477731254416,
            0.00013807711050806877,
            0.00011445967902545817,
            9.632154421221154e-05,
            8.223760851251427e-05,
            7.126143949183945e-05,
            6.125078489276348e-05,
            5.411873692840648e-05,
            4.836385705857538e-05,
            4.375035744790997e-05,
            3.9916768582770604e-05
        ],
        "psnr": [
            31.21748020036521,
            32.99530546964837,
            34.4635023357691,
            35.751735893191,
            36.904426356879,
            37.91330437630976,
            38.80826335150463,
            39.61412405211794,
            40.35990220607355,
            41.046623980308986,
            41.671069365144085,
            42.336383399129964,
            42.884812267092826,
            43.387650861134674,
            43.84182645875871,
            44.26128711716903
        ]
    }
}