{
    "name": "qres34m",
    "lambdas": [
        16,
        32,
        64,
        128,
        256,
        512,
        1024,
        2048
    ],
    "test-set": "clic2022-test",
    "results": {
        "bpp": [
            0.15402733115215544,
            0.24311623438743718,
            0.354507456532663,
            0.5405831677901929,
            0.7976627939366602,
            1.101979867273523,
            1.5503575490892674,
            2.143849915960267
        ],
        "mse": [
            0.0009156182078489413,
            0.000579718118145441,
            0.0004051686487703895,
            0.00024756297886294003,
            0.00015648983341331283,
            9.905404695018661e-05,
            6.510032205066333e-05,
            4.161564296130867e-05
        ],
        "psnr": [
            30.671247891019465,
            32.713007183985695,
            34.13366588102288,
            36.28934198902916,
            38.244548978666906,
            40.244713416999524,
            42.10791518443827,
            44.082311837179105
        ]
    }
}