{
    "name": "qres34m",
    "lambdas": [
        16,
        32,
        64,
        128,
        256,
        512,
        1024,
        2048
    ],
    "test-set": "tecnick-rgb-1200",
    "results": {
        "bpp": [
            0.13276261111111104,
            0.20710416666666664,
            0.2954394444444446,
            0.439147,
            0.6470617777777778,
            0.9108985555555555,
            1.3169922777777783,
            1.9077008888888884
        ],
        "mse": [
            0.0007831601265934296,
            0.0004991781944409013,
            0.0003500096313655376,
            0.00022574053800781258,
            0.00014796773917623795,
            9.509717725450173e-05,
            6.281842857788433e-05,
            3.9983554488571825e-05
        ],
        "psnr": [
            31.491606025312173,
            33.50858662363779,
            34.84809670849707,
            36.789031335903424,
            38.54860285624861,
            40.45183982601732,
            42.21895562803096,
            44.14455861099565
        ]
    }
}