{
    "name": "qarv_base",
    "lambdas": [
        16.000001907348633,
        32.720916748046875,
        58.27978515625,
        94.55180358886719,
        143.4120635986328,
        206.7357940673828,
        286.398193359375,
        384.2743835449219,
        502.23944091796875,
        642.1686401367188,
        805.93701171875,
        995.4202270507812,
        1212.49267578125,
        1459.0299072265625,
        1736.9075927734375,
        2048.0
    ],
    "test-set": "tecnick-rgb-1200",
    "results": {
        "bpp": [
            0.1576710555555555,
            0.23046516666666658,
            0.3095216666666667,
            0.3937261666666665,
            0.483318,
            0.577942222222222,
            0.677513777777778,
            0.7820166666666664,
            0.8925804444444445,
            1.0083781111111112,
            1.127059777777777,
            1.269715166666667,
            1.3958240555555548,
            1.5250283333333337,
            1.6518033888888894,
            1.779541277777778
        ],
        "mse": [
            0.0007077535062853713,
            0.000464452926244121,
            0.0003309029119554907,
            0.00024976112581498455,
            0.00019598666760430204,
            0.00015835421756491997,
            0.00013095234764477935,
            0.00011023874903912657,
            9.400838585861493e-05,
            8.11180924938526e-05,
            7.08302438397368e-05,
            6.114364572567865e-05,
            5.408657174484688e-05,
            4.823047678655712e-05,
            4.345765752077568e-05,
            3.9413217982655625e-05
        ],
        "psnr": [
            32.10663059797302,
            33.8654443554917,
            35.277147581983286,
            36.4438772849758,
            37.44832523303687,
            38.33138170464722,
            39.11973987569319,
            39.83765811568972,
            40.504157975185784,
            41.12461590689336,
            41.69686161076707,
            42.32306809383551,
            42.84463104089284,
            43.336312461758446,
            43.78677250018342,
            44.21360901739593
        ]
    }
}