{
    "name": "qarv_base",
    "lambdas": [
        16.000001907348633,
        32.720916748046875,
        58.27978515625,
        94.55180358886719,
        143.4120635986328,
        206.7357940673828,
        286.398193359375,
        384.2743835449219,
        502.23944091796875,
        642.1686401367188,
        805.93701171875,
        995.4202270507812,
        1212.49267578125,
        1459.0299072265625,
        1736.9075927734375,
        2048.0
    ],
    "test-set": "kodak",
    "results": {
        "bpp": [
            0.21707577175564238,
            0.3343946668836806,
            0.4625447591145834,
            0.5952089097764758,
            0.7304407755533856,
            0.8645206027560763,
            0.998625013563368,
            1.1314324273003473,
            1.2639872233072917,
            1.3961334228515625,
            1.5254643758138025,
            1.6775021023220484,
            1.8111233181423616,
            1.94964599609375,
            2.085664537217882,
            2.2194637722439237
        ],
        "mse": [
            0.001005912172937921,
            0.0006344201792671811,
            0.00042884059621428605,
            0.000306330301706718,
            0.00022807732724080174,
            0.00017641147739292742,
            0.00014050274148758035,
            0.00011471954682444145,
            9.559184400131926e-05,
            8.105985277021925e-05,
            6.993094954547512e-05,
            5.968200124092012e-05,
            5.2318260562363626e-05,
            4.6050891796767246e-05,
            4.0963866164626474e-05,
            3.6738098970090505e-05
        ],
        "psnr": [
            30.324966181653195,
            32.26432993772524,
            33.913643864151005,
            35.3303332176832,
            36.57268236536947,
            37.65941853974786,
            38.62272858785572,
            39.48399170616174,
            40.26098524553842,
            40.965401448139126,
            41.598597549880246,
            42.281088199171215,
            42.847991184763316,
            43.39659373501423,
            43.90068059500709,
            44.37105301986114
        ]
    }
}