{
    "name": "qres34m",
    "lambdas": [
        16,
        32,
        64,
        128,
        256,
        512,
        1024,
        2048
    ],
    "test-set": "kodak",
    "results": {
        "bpp": [
            0.18335469563802084,
            0.3011873033311632,
            0.4519933064778645,
            0.6737916734483508,
            0.9541693793402777,
            1.2868804931640627,
            1.748126559787326,
            2.356736077202691
        ],
        "mse": [
            0.0010622630701012288,
            0.0006740619537595194,
            0.0004237266184645705,
            0.00025329060069149517,
            0.0001558084528975693,
            9.547620326581334e-05,
            6.0146290252305334e-05,
            3.6907696843021163e-05
        ],
        "psnr": [
            30.02302909544619,
            31.980835998050456,
            33.89135182243866,
            36.1122462862753,
            38.166281526220864,
            40.26257214619353,
            42.24871204760887,
            44.35479638328737
        ]
    }
}