{
  "bpp": [
    2.821609497070313,
    2.567247178819444,
    2.3438746134440107,
    2.130810207790798,
    1.9176050821940107,
    1.7450298733181426,
    1.5864189995659723,
    1.4431949191623261,
    1.3155339558919272,
    1.1941765679253473,
    1.0797407362196179,
    0.9774008856879339,
    0.8805211385091146,
    0.7897109985351562,
    0.7076187133789061,
    0.6296301947699652,
    0.5570797390407985,
    0.49359554714626735,
    0.43371582031250017,
    0.3787095811631944,
    0.33100043402777773,
    0.28728654649522567,
    0.2476306491427952,
    0.21332126193576387,
    0.1826756795247396,
    0.15583123101128474,
    0.13300577799479166,
    0.11299387613932294,
    0.09547848171657987,
    0.08076053195529513,
    0.06820170084635416,
    0.057332356770833336,
    0.048128763834635414,
    0.04056888156467014,
    0.03414493136935763,
    0.028837415907118052
  ],
  "psnr": [
    44.56865460677789,
    43.990320131324275,
    43.43201278829175,
    42.842644230240616,
    42.200145619627,
    41.617351938203726,
    41.03659924930912,
    40.45031474546908,
    39.88148414425583,
    39.2916855834976,
    38.678915906274774,
    38.0919141131403,
    37.47104854011085,
    36.84607932760226,
    36.22182842219978,
    35.585510026803135,
    34.94384492591835,
    34.33035268646733,
    33.695655397276234,
    33.06791344221022,
    32.47117182551503,
    31.870141804054715,
    31.26421523513569,
    30.690378199066853,
    30.12833268890773,
    29.577607191514634,
    29.054922843407308,
    28.537732973445078,
    28.03130403087755,
    27.552011985088935,
    27.084960671831073,
    26.615035232885415,
    26.156705042244965,
    25.730773134128242,
    25.30795047980243,
    24.89239899592316
  ]
}